<application>
  <component name="dataSourceStorage" format="xml" multifile-model="true">
    <data-source source="LOCAL" name="aws-pg" uuid="6978a5b1-af6f-4358-9494-c60ce2b69d44">
      <driver-ref>postgresql</driver-ref>
      <synchronize>true</synchronize>
      <jdbc-driver>org.postgresql.Driver</jdbc-driver>
      <jdbc-url>jdbc:postgresql://database-2.cmfj0zmhvhz2.us-east-2.rds.amazonaws.com:5432/postgres</jdbc-url>
    </data-source>
    <data-source source="LOCAL" name="gigabitelabs-pg" uuid="5cc9d51a-5444-4696-a117-361b7a534035">
      <driver-ref>postgresql</driver-ref>
      <synchronize>true</synchronize>
      <jdbc-driver>org.postgresql.Driver</jdbc-driver>
      <jdbc-url>jdbc:postgresql://9811b68c-d758-46b4-b6f4-cfc5973e5187.8117147f814b4b2ea643610826cd2046.databases.appdomain.cloud:32316/dev</jdbc-url>
    </data-source>
    <data-source source="LOCAL" name="workmerk-pg" uuid="f268454d-b9d8-4e63-b722-18fe87e00134">
      <driver-ref>postgresql</driver-ref>
      <synchronize>true</synchronize>
      <jdbc-driver>org.postgresql.Driver</jdbc-driver>
      <jdbc-url>jdbc:postgresql://65ab87e6-0a86-48a2-9b24-c97e30677a27.blijtlfd05jdimoomdig.databases.appdomain.cloud:32267/postgres</jdbc-url>
    </data-source>
    <data-source source="LOCAL" name="esims-pg" uuid="ce4d981c-bb7d-4bf9-956b-e76485ca706f">
      <driver-ref>postgresql</driver-ref>
      <synchronize>true</synchronize>
      <jdbc-driver>org.postgresql.Driver</jdbc-driver>
      <jdbc-url>jdbc:postgresql://e608769c-6aff-49cf-9f7a-276cb016bc14.6131b73286f34215871dfad7254b4f7d.databases.appdomain.cloud:30916/postgres</jdbc-url>
    </data-source>
  </component>
</application>