<application>
  <component name="FileTypeManager" version="17">
    <extensionMap>
      <mapping ext="dev" type="Dockerfile" />
      <mapping ext="int" type="Dockerfile" />
      <mapping pattern="Dockerfile-local" type="Native" />
      <mapping pattern="Dockerfile-int" type="Native" />
      <mapping pattern="a.int" type="PLAIN_TEXT" />
      <mapping pattern="b" type="PLAIN_TEXT" />
      <mapping pattern=".env" type="PLAIN_TEXT" />
      <mapping pattern=".en" type="PLAIN_TEXT" />
      <mapping pattern=".dockerfile" type="PLAIN_TEXT" />
      <mapping pattern="notes" type="PLAIN_TEXT" />
      <mapping pattern="ImageUploader" type="PLAIN_TEXT" />
      <mapping pattern="notes3" type="PLAIN_TEXT" />
      <mapping pattern="notes2" type="PLAIN_TEXT" />
      <mapping pattern="notes1" type="PLAIN_TEXT" />
      <mapping pattern="z" type="PLAIN_TEXT" />
      <mapping pattern=".env.example" type="PLAIN_TEXT" />
      <mapping pattern="api-tests-persisted-data-ids" type="PLAIN_TEXT" />
      <mapping pattern=".env.dev" type="PLAIN_TEXT" />
      <mapping pattern=".env.test" type="PLAIN_TEXT" />
      <mapping pattern="e" type="PLAIN_TEXT" />
      <mapping pattern="iam-localdev-user" type="PLAIN_TEXT" />
      <mapping pattern=".env.dist" type="PLAIN_TEXT" />
      <mapping pattern=".circleci" type="PLAIN_TEXT" />
      <mapping pattern="policy_CodepipelineRoleAssumption" type="PLAIN_TEXT" />
      <mapping pattern="2a" type="PLAIN_TEXT" />
      <mapping pattern="data" type="PLAIN_TEXT" />
      <mapping pattern="2" type="PLAIN_TEXT" />
      <mapping pattern="1" type="PLAIN_TEXT" />
      <mapping pattern="usergroups.md" type="PLAIN_TEXT" />
      <mapping pattern="a.dev" type="PLAIN_TEXT" />
      <mapping pattern="local-Dockerfile" type="PLAIN_TEXT" />
      <mapping pattern="config" type="PLAIN_TEXT" />
      <mapping pattern="resume" type="PLAIN_TEXT" />
      <mapping pattern=".env.build" type="PLAIN_TEXT" />
      <mapping pattern=".dockerignore" type="PLAIN_TEXT" />
      <mapping pattern="iam" type="PLAIN_TEXT" />
      <mapping pattern="a" type="PLAIN_TEXT" />
      <mapping ext="tvars" type="PLAIN_TEXT" />
      <mapping ext="bak1" type="PLAIN_TEXT" />
      <mapping ext="1" type="PLAIN_TEXT" />
      <mapping ext="bak" type="PLAIN_TEXT" />
      <mapping pattern="docker-compose.yml" type="YAML" />
    </extensionMap>
  </component>
</application>