<application>
  <component name="GeneralSettings">
    <option name="confirmOpenNewProject2" value="0" />
    <option name="processCloseConfirmation" value="TERMINATE" />
    <option name="autoSaveFiles" value="false" />
    <option name="showTipsOnStartup" value="false" />
  </component>
  <component name="Registry">
    <entry key="ide.firstStartup" value="false" />
    <entry key="suggest.all.run.configurations.from.context" value="true" />
    <entry key="editor.distraction.free.mode" value="true" />
  </component>
</application>