<application>
  <component name="ActionMacroManager">
    <macro name="underscore">
      <typing text-keycode="45:1">_</typing>
    </macro>
    <macro name="punctuateSemiColon">
      <action id="EditorLineEnd" />
      <typing text-keycode="59:0">;</typing>
    </macro>
    <macro name="spaceBuffer">
      <typing text-keycode="32:0">&amp;#x20;</typing>
      <action id="EditorLeft" />
      <typing text-keycode="32:0">&amp;#x20;</typing>
    </macro>
    <macro name="lambda arrow">
      <typing text-keycode="61:0;0:1">=&gt;</typing>
    </macro>
    <macro name="parenth and braces">
      <typing text-keycode="0:1;0:1">({</typing>
    </macro>
    <macro name="export">
      <typing text-keycode="69:0;88:0;80:0;79:0;82:0;84:0;32:0">export&amp;#x20;</typing>
    </macro>
    <macro name="highlight current word">
      <action id="EditorPreviousWord" />
      <action id="EditorNextWordWithSelection" />
    </macro>
    <macro name="current word to clipboard">
      <action id="Macro.highlight current word" />
      <action id="EditorPreviousWord" />
      <action id="EditorNextWordWithSelection" />
      <action id="EditorCopy" />
    </macro>
    <macro name="return">
      <typing text-keycode="82:0;69:0;84:0;85:0;82:0;78:0;32:0">return&amp;#x20;</typing>
    </macro>
    <macro name="assignment shorthand">
      <typing text-keycode="513:1;61:0;32:0">:=&amp;#x20;</typing>
    </macro>
    <macro name="noteq">
      <typing text-keycode="0:1;61:0;32:0">!=&amp;#x20;</typing>
    </macro>
  </component>
</application>