<application>
  <component name="NotificationConfiguration">
    <notification groupId="Docker: Dockerfile detection" displayType="NONE" shouldLog="false" />
    <notification groupId="External Executable Critical Failures" displayType="STICKY_BALLOON" shouldLog="false" />
    <notification groupId="PHP PSR-0 Namespace Root Detection" shouldLog="false" />
    <notification groupId="Platform and Plugin Updates" displayType="STICKY_BALLOON" shouldLog="false" />
    <notification groupId="Plugins Suggestion" displayType="STICKY_BALLOON" shouldLog="false" />
    <notification groupId="Power Save Mode" shouldLog="false" />
    <notification groupId="System Health (minor)" displayType="NONE" shouldLog="false" />
    <notification groupId="Vcs Important Messages" displayType="NONE" shouldLog="false" />
    <notification groupId="Vcs Messages" displayType="NONE" shouldLog="false" />
    <notification groupId="Vcs Notifications" displayType="NONE" shouldLog="false" />
    <notification groupId="Vcs Silent Notifications" displayType="NONE" shouldLog="false" />
    <notification groupId="Web Deployment" shouldLog="false" />
  </component>
</application>