<keymap version="1" name="Mac2(FromEclipse)" parent="Eclipse (Mac OS X)">
  <action id="$Delete">
    <keyboard-shortcut first-keystroke="delete" />
    <keyboard-shortcut first-keystroke="back_space" />
  </action>
  <action id="$Redo">
    <keyboard-shortcut first-keystroke="shift meta z" />
    <keyboard-shortcut first-keystroke="meta y" />
  </action>
  <action id="ActivateDatabaseToolWindow">
    <keyboard-shortcut first-keystroke="meta 4" />
  </action>
  <action id="ActivateKubernetesExplorerToolWindow">
    <keyboard-shortcut first-keystroke="meta 6" />
  </action>
  <action id="ActivateProjectToolWindow">
    <keyboard-shortcut first-keystroke="meta 1" />
  </action>
  <action id="ActivateRunToolWindow" />
  <action id="ActivateStructureToolWindow" />
  <action id="ActivateTODOToolWindow">
    <keyboard-shortcut first-keystroke="meta 2" />
  </action>
  <action id="ActivateTerminalToolWindow">
    <keyboard-shortcut first-keystroke="meta 3" />
  </action>
  <action id="ActivateVersionControlToolWindow" />
  <action id="Annotate">
    <keyboard-shortcut first-keystroke="meta 5" />
  </action>
  <action id="Arrangement.Alias.Rule.Match.Condition.Move.Up" />
  <action id="Arrangement.Rule.Add">
    <keyboard-shortcut first-keystroke="meta n" />
  </action>
  <action id="Arrangement.Rule.Match.Condition.Move.Down" />
  <action id="Arrangement.Rule.Match.Condition.Move.Up">
    <keyboard-shortcut first-keystroke="ctrl alt down" />
  </action>
  <action id="Arrangement.Rule.Remove">
    <keyboard-shortcut first-keystroke="delete" />
    <keyboard-shortcut first-keystroke="back_space" />
  </action>
  <action id="AssociateWithFileType">
    <keyboard-shortcut first-keystroke="shift alt quote" />
  </action>
  <action id="AutoIndentLines" />
  <action id="Back" />
  <action id="ChangeSignature" />
  <action id="ClassTemplateNavigation" />
  <action id="CloseProject">
    <keyboard-shortcut first-keystroke="ctrl w" />
  </action>
  <action id="CompareTwoFiles" />
  <action id="Console.Execute" />
  <action id="Console.Execute.Multiline" />
  <action id="Console.Jdbc.Execute" />
  <action id="Console.Jdbc.Execute.2">
    <keyboard-shortcut first-keystroke="shift meta enter" />
  </action>
  <action id="Console.TableResult.ColumnsList" />
  <action id="Console.TableResult.EditValue">
    <keyboard-shortcut first-keystroke="f2" />
    <keyboard-shortcut first-keystroke="alt enter" />
  </action>
  <action id="Console.TableResult.NavigateExportedAction" />
  <action id="DatabaseView.PropertiesAction" />
  <action id="DecreaseColumnWidth" />
  <action id="Diff.ShowDiff" />
  <action id="Diff.ShowSettingsPopup" />
  <action id="Diff.UpdatedFiles" />
  <action id="DomCollectionControl.Remove">
    <keyboard-shortcut first-keystroke="delete" />
    <keyboard-shortcut first-keystroke="back_space" />
  </action>
  <action id="DuplicatesForm.SendToLeft" />
  <action id="DuplicatesForm.SendToRight" />
  <action id="EditMacros">
    <keyboard-shortcut first-keystroke="shift meta m" />
  </action>
  <action id="Editor Redo">
    <keyboard-shortcut first-keystroke="meta y" />
  </action>
  <action id="EditorChooseLookupItem" />
  <action id="EditorCompleteStatement">
    <keyboard-shortcut first-keystroke="meta enter" />
    <keyboard-shortcut first-keystroke="ctrl enter" />
  </action>
  <action id="EditorDecreaseFontSize">
    <keyboard-shortcut first-keystroke="ctrl meta alt minus" />
  </action>
  <action id="EditorDeleteLine">
    <keyboard-shortcut first-keystroke="shift meta back_space" />
  </action>
  <action id="EditorDeleteToLineEnd">
    <keyboard-shortcut first-keystroke="meta delete" />
  </action>
  <action id="EditorDeleteToLineStart">
    <keyboard-shortcut first-keystroke="meta back_space" />
  </action>
  <action id="EditorDeleteToWordEnd">
    <keyboard-shortcut first-keystroke="alt delete" />
  </action>
  <action id="EditorDeleteToWordEndInDifferentHumpsMode">
    <keyboard-shortcut first-keystroke="ctrl alt delete" />
  </action>
  <action id="EditorDeleteToWordStart">
    <keyboard-shortcut first-keystroke="alt back_space" />
  </action>
  <action id="EditorDeleteToWordStartInDifferentHumpsMode">
    <keyboard-shortcut first-keystroke="ctrl alt back_space" />
  </action>
  <action id="EditorIncreaseFontSize">
    <keyboard-shortcut first-keystroke="ctrl meta alt equals" />
  </action>
  <action id="EditorMoveToPageBottomWithSelection" />
  <action id="EditorMoveToPageTopWithSelection" />
  <action id="EditorNextWordInDifferentHumpsMode">
    <keyboard-shortcut first-keystroke="ctrl alt right" />
  </action>
  <action id="EditorNextWordInDifferentHumpsModeWithSelection">
    <keyboard-shortcut first-keystroke="shift ctrl alt right" />
  </action>
  <action id="EditorPreviousWordInDifferentHumpsMode">
    <keyboard-shortcut first-keystroke="ctrl alt left" />
  </action>
  <action id="EditorPreviousWordInDifferentHumpsModeWithSelection">
    <keyboard-shortcut first-keystroke="shift ctrl alt left" />
  </action>
  <action id="EditorSplitLine" />
  <action id="EditorTextEnd">
    <keyboard-shortcut first-keystroke="meta end" />
    <keyboard-shortcut first-keystroke="meta page_down" />
  </action>
  <action id="EditorTextEndWithSelection">
    <keyboard-shortcut first-keystroke="shift meta end" />
    <keyboard-shortcut first-keystroke="shift meta page_down" />
  </action>
  <action id="EditorTextStart">
    <keyboard-shortcut first-keystroke="meta home" />
    <keyboard-shortcut first-keystroke="meta page_up" />
  </action>
  <action id="EditorTextStartWithSelection">
    <keyboard-shortcut first-keystroke="shift meta home" />
    <keyboard-shortcut first-keystroke="shift meta page_up" />
  </action>
  <action id="EditorToggleCase" />
  <action id="EditorToggleUseSoftWraps">
    <keyboard-shortcut first-keystroke="shift ctrl enter" />
  </action>
  <action id="EditorUp">
    <keyboard-shortcut first-keystroke="up" />
  </action>
  <action id="EmmetNextEditPoint" />
  <action id="EmmetPreviousEditPoint" />
  <action id="EmojiAndSymbols" />
  <action id="Exit">
    <keyboard-shortcut first-keystroke="meta alt q" />
  </action>
  <action id="ExpandAll">
    <keyboard-shortcut first-keystroke="meta add" />
  </action>
  <action id="ExpandRegion">
    <keyboard-shortcut first-keystroke="meta add" />
  </action>
  <action id="ExportToTextFile" />
  <action id="FileChooser.GotoDesktop" />
  <action id="FileChooser.GotoHome" />
  <action id="FileChooser.GotoModule" />
  <action id="FileChooser.GotoProject" />
  <action id="FileChooser.TogglePathShowing" />
  <action id="FileStructurePopup">
    <keyboard-shortcut first-keystroke="meta r" />
  </action>
  <action id="Find">
    <keyboard-shortcut first-keystroke="meta f" />
  </action>
  <action id="FindNext" />
  <action id="FindUsages" />
  <action id="Forward">
    <mouse-shortcut keystroke="button5" />
  </action>
  <action id="Generate">
    <keyboard-shortcut first-keystroke="meta n" />
    <keyboard-shortcut first-keystroke="shift meta g" />
  </action>
  <action id="GoToClass" />
  <action id="GotoAction" />
  <action id="GotoClass" />
  <action id="GotoDeclaration">
    <keyboard-shortcut first-keystroke="f3" />
    <keyboard-shortcut first-keystroke="meta g" />
  </action>
  <action id="GotoFile">
    <keyboard-shortcut first-keystroke="shift meta quote" />
  </action>
  <action id="GotoLine">
    <keyboard-shortcut first-keystroke="meta d" />
    <keyboard-shortcut first-keystroke="meta i" />
  </action>
  <action id="GotoSymbol">
    <keyboard-shortcut first-keystroke="shift meta l" />
  </action>
  <action id="GuiDesigner.GoToListener" />
  <action id="Images.Editor.ToggleGrid" />
  <action id="Images.Editor.ZoomIn">
    <keyboard-shortcut first-keystroke="meta add" />
  </action>
  <action id="Images.Thumbnails.EnterAction" />
  <action id="IncreaseColumnWidth" />
  <action id="IncrementWindowWidth" />
  <action id="IncrementalSearch" />
  <action id="InsertLiveTemplate">
    <keyboard-shortcut first-keystroke="meta j" />
  </action>
  <action id="IntroduceParameter" />
  <action id="Jdbc.OpenEditor.DDL">
    <keyboard-shortcut first-keystroke="f3" />
  </action>
  <action id="JumpToLastChange" />
  <action id="Macro.assignment shorthand">
    <keyboard-shortcut first-keystroke="shift meta semicolon" />
  </action>
  <action id="Macro.current word to clipboard">
    <keyboard-shortcut first-keystroke="meta alt c" />
  </action>
  <action id="Macro.export">
    <keyboard-shortcut first-keystroke="meta k" />
  </action>
  <action id="Macro.highlight current word">
    <keyboard-shortcut first-keystroke="shift alt space" />
  </action>
  <action id="Macro.lambda arrow">
    <keyboard-shortcut first-keystroke="shift meta equals" />
  </action>
  <action id="Macro.noteq">
    <keyboard-shortcut first-keystroke="shift meta 1" />
  </action>
  <action id="Macro.parenth and braces">
    <keyboard-shortcut first-keystroke="shift meta 9" />
  </action>
  <action id="Macro.punctuateSemiColon">
    <keyboard-shortcut first-keystroke="meta semicolon" />
  </action>
  <action id="Macro.return">
    <keyboard-shortcut first-keystroke="meta l" />
  </action>
  <action id="Macro.spaceBuffer">
    <keyboard-shortcut first-keystroke="alt space" />
  </action>
  <action id="Macro.underscore">
    <keyboard-shortcut first-keystroke="meta space" />
  </action>
  <action id="MarkResourceRootDirectory">
    <keyboard-shortcut first-keystroke="ctrl meta alt r" />
  </action>
  <action id="MaximizeToolWindow" />
  <action id="MethodDown">
    <keyboard-shortcut first-keystroke="meta down" />
  </action>
  <action id="MethodUp">
    <keyboard-shortcut first-keystroke="meta up" />
  </action>
  <action id="MinimizeCurrentWindow" />
  <action id="ModifyObject" />
  <action id="Move">
    <keyboard-shortcut first-keystroke="meta o" />
  </action>
  <action id="MoveStatementDown" />
  <action id="MoveStatementUp" />
  <action id="NewElement">
    <keyboard-shortcut first-keystroke="meta n" />
  </action>
  <action id="NewElementSamePlace">
    <keyboard-shortcut first-keystroke="ctrl alt n" />
    <keyboard-shortcut first-keystroke="meta open_bracket" />
  </action>
  <action id="NextProjectWindow">
    <keyboard-shortcut first-keystroke="meta alt back_quote" />
    <keyboard-shortcut first-keystroke="meta back_quote" />
  </action>
  <action id="NextTemplateVariable">
    <keyboard-shortcut first-keystroke="tab" />
  </action>
  <action id="OpenFile">
    <keyboard-shortcut first-keystroke="ctrl o" />
  </action>
  <action id="OptimizeImports" />
  <action id="ParameterInfo">
    <keyboard-shortcut first-keystroke="ctrl meta space" />
  </action>
  <action id="Print" />
  <action id="PropertyInspectorActions.AddProperty">
    <keyboard-shortcut first-keystroke="meta n" />
  </action>
  <action id="QuickImplementations" />
  <action id="RecentChangedFiles" />
  <action id="RecentFiles">
    <keyboard-shortcut first-keystroke="shift meta e" />
    <keyboard-shortcut first-keystroke="meta e" />
  </action>
  <action id="RecentProjectListGroup">
    <keyboard-shortcut first-keystroke="shift meta o" />
  </action>
  <action id="ReformatCode">
    <keyboard-shortcut first-keystroke="shift meta r" />
  </action>
  <action id="ReformatWithPrettierAction">
    <keyboard-shortcut first-keystroke="shift meta p" />
  </action>
  <action id="RemoteHost.NewRemoteItem">
    <keyboard-shortcut first-keystroke="meta n" />
  </action>
  <action id="RenameElement">
    <keyboard-shortcut first-keystroke="meta p" />
  </action>
  <action id="Replace">
    <keyboard-shortcut first-keystroke="shift meta f" />
  </action>
  <action id="ResizeToolWindowLeft" />
  <action id="ResizeToolWindowRight" />
  <action id="RunToCursor" />
  <action id="SendEOF" />
  <action id="ShelvedChanges.Diff" />
  <action id="ShowIntentionActions" />
  <action id="ShowNavBar">
    <keyboard-shortcut first-keystroke="meta alt b" />
    <keyboard-shortcut first-keystroke="meta close_bracket" />
  </action>
  <action id="ShowProjectStructureSettings" />
  <action id="SmartTypeCompletion" />
  <action id="SplitHorizontally">
    <keyboard-shortcut first-keystroke="meta back_slash" second-keystroke="down" />
  </action>
  <action id="SplitVertically">
    <keyboard-shortcut first-keystroke="meta back_slash" second-keystroke="right" />
  </action>
  <action id="StartStopMacroRecording">
    <keyboard-shortcut first-keystroke="meta m" />
  </action>
  <action id="SwitcherRecentEditedChangedToggleCheckBox" />
  <action id="Terminal.OpenInTerminal">
    <keyboard-shortcut first-keystroke="meta alt 3" />
  </action>
  <action id="ToggleInlineHintsAction">
    <keyboard-shortcut first-keystroke="ctrl p" />
  </action>
  <action id="UML.ShowStructure" />
  <action id="Uml.NodeIntentions" />
  <action id="Uml.ShowDiff" />
  <action id="Unsplit">
    <keyboard-shortcut first-keystroke="shift meta back_slash" />
  </action>
  <action id="UsageView.Exclude">
    <keyboard-shortcut first-keystroke="delete" />
    <keyboard-shortcut first-keystroke="back_space" />
  </action>
  <action id="Vcs.Log.FocusTextFilter" />
  <action id="Vcs.Log.ShowDiff" />
  <action id="Vcs.ShowMessageHistory">
    <keyboard-shortcut first-keystroke="ctrl m" />
  </action>
  <action id="ViewInplaceComments" />
  <action id="ViewSource" />
  <action id="WelcomScreen.ManageLicense">
    <keyboard-shortcut first-keystroke="shift ctrl meta l" />
  </action>
  <action id="XDebugger.Inspect" />
  <action id="XDebugger.RemoveWatch">
    <keyboard-shortcut first-keystroke="delete" />
    <keyboard-shortcut first-keystroke="back_space" />
  </action>
  <action id="hg4idea.QPushAction" />
  <action id="openAssertEqualsDiff" />
  <action id="org.intellij.plugins.markdown.ui.actions.editorLayout.EditorAndPreviewLayoutChangeAction">
    <keyboard-shortcut first-keystroke="shift alt close_bracket" />
  </action>
  <action id="org.intellij.plugins.markdown.ui.actions.editorLayout.EditorOnlyLayoutChangeAction">
    <keyboard-shortcut first-keystroke="shift alt p" />
    <keyboard-shortcut first-keystroke="shift alt open_bracket" />
  </action>
  <action id="org.intellij.plugins.markdown.ui.actions.editorLayout.PreviewOnlyLayoutChangeAction">
    <keyboard-shortcut first-keystroke="shift alt back_slash" />
  </action>
</keymap>