<keymap version="1" name="Visual Studio copy" parent="Visual Studio">
  <action id="ActivateTerminalToolWindow">
    <keyboard-shortcut first-keystroke="alt f12" />
    <keyboard-shortcut first-keystroke="alt 3" />
  </action>
  <action id="Back">
    <mouse-shortcut keystroke="button4" />
  </action>
  <action id="CloseContent">
    <keyboard-shortcut first-keystroke="ctrl w" />
  </action>
  <action id="CollapseAllRegions">
    <keyboard-shortcut first-keystroke="shift ctrl minus" />
  </action>
  <action id="CollapseDocComments">
    <keyboard-shortcut first-keystroke="shift ctrl subtract" />
  </action>
  <action id="CollapseSelection" />
  <action id="CompareTwoFiles" />
  <action id="Console.TableResult.NextPage" />
  <action id="Console.TableResult.PreviousPage" />
  <action id="Console.TableResult.Reload" />
  <action id="Diff.ShowDiff" />
  <action id="Diff.ShowSettingsPopup" />
  <action id="EditorChooseLookupItemDot" />
  <action id="EditorDeleteToWordEndInDifferentHumpsMode">
    <keyboard-shortcut first-keystroke="shift alt delete" />
    <keyboard-shortcut first-keystroke="alt delete" />
  </action>
  <action id="EditorDeleteToWordStartInDifferentHumpsMode">
    <keyboard-shortcut first-keystroke="shift alt back_space" />
    <keyboard-shortcut first-keystroke="alt back_space" />
  </action>
  <action id="EditorDuplicate" />
  <action id="EditorNextWordInDifferentHumpsMode">
    <keyboard-shortcut first-keystroke="alt right" />
  </action>
  <action id="EditorNextWordInDifferentHumpsModeWithSelection">
    <keyboard-shortcut first-keystroke="shift alt right" />
  </action>
  <action id="EditorPreviousWordInDifferentHumpsMode">
    <keyboard-shortcut first-keystroke="alt left" />
  </action>
  <action id="EditorPreviousWordInDifferentHumpsModeWithSelection">
    <keyboard-shortcut first-keystroke="shift alt left" />
  </action>
  <action id="EditorScrollToCenter" />
  <action id="EditorSelectWord" />
  <action id="EditorToggleShowLineNumbers">
    <keyboard-shortcut first-keystroke="shift ctrl alt enter" />
  </action>
  <action id="ExpandAllRegions">
    <keyboard-shortcut first-keystroke="shift ctrl equals" />
  </action>
  <action id="ExpandDocComments">
    <keyboard-shortcut first-keystroke="shift ctrl add" />
  </action>
  <action id="FileChooser.GotoDesktop" />
  <action id="FileStructurePopup">
    <keyboard-shortcut first-keystroke="ctrl r" />
  </action>
  <action id="Forward">
    <mouse-shortcut keystroke="button5" />
  </action>
  <action id="GotoFile">
    <keyboard-shortcut first-keystroke="ctrl m" />
  </action>
  <action id="GotoSymbol">
    <keyboard-shortcut first-keystroke="ctrl period" />
  </action>
  <action id="GotoTest" />
  <action id="HtmlTableCellNavigateDown" />
  <action id="HtmlTableCellNavigateRight" />
  <action id="Images.ShowThumbnails" />
  <action id="Macro.underscore">
    <keyboard-shortcut first-keystroke="shift ctrl space" />
  </action>
  <action id="MethodDown">
    <keyboard-shortcut first-keystroke="alt down" />
    <keyboard-shortcut first-keystroke="ctrl alt down" />
  </action>
  <action id="MethodUp">
    <keyboard-shortcut first-keystroke="alt up" />
    <keyboard-shortcut first-keystroke="ctrl alt up" />
  </action>
  <action id="NextEditorTab" />
  <action id="NextOccurence" />
  <action id="NextSplitter">
    <keyboard-shortcut first-keystroke="ctrl alt right" />
  </action>
  <action id="NextTab" />
  <action id="ParameterInfo" />
  <action id="PrevSplitter">
    <keyboard-shortcut first-keystroke="ctrl alt left" />
  </action>
  <action id="PreviousEditorTab" />
  <action id="PreviousOccurence" />
  <action id="PreviousTab" />
  <action id="Refactorings.QuickListPopupAction">
    <keyboard-shortcut first-keystroke="ctrl t" />
  </action>
  <action id="RenameElement">
    <keyboard-shortcut first-keystroke="shift ctrl t" />
  </action>
  <action id="RerunTests" />
  <action id="SafeDelete" />
  <action id="SelectAllOccurrences">
    <keyboard-shortcut first-keystroke="shift ctrl d" />
  </action>
  <action id="SelectNextOccurrence">
    <keyboard-shortcut first-keystroke="ctrl d" />
  </action>
  <action id="SendEOF" />
  <action id="ShelvedChanges.Diff" />
  <action id="ShowContent" />
  <action id="ShowProjectStructureSettings" />
  <action id="ShowSettings">
    <keyboard-shortcut first-keystroke="shift ctrl alt s" />
  </action>
  <action id="SplitHorizontally">
    <keyboard-shortcut first-keystroke="shift ctrl alt down" />
  </action>
  <action id="SplitVertically">
    <keyboard-shortcut first-keystroke="shift ctrl alt right" />
  </action>
  <action id="SwitchApply">
    <keyboard-shortcut first-keystroke="shift alt enter" />
  </action>
  <action id="SwitchDown">
    <keyboard-shortcut first-keystroke="shift alt down" />
  </action>
  <action id="SwitchLeft">
    <keyboard-shortcut first-keystroke="shift alt left" />
  </action>
  <action id="SwitchRight">
    <keyboard-shortcut first-keystroke="shift alt right" />
  </action>
  <action id="SwitchUp">
    <keyboard-shortcut first-keystroke="shift alt up" />
  </action>
  <action id="Uml.ShowDiff" />
  <action id="Vcs.ShowMessageHistory">
    <keyboard-shortcut first-keystroke="ctrl e" />
  </action>
  <action id="Vcs.UpdateProject" />
  <action id="VcsShowNextChangeMarker" />
  <action id="com.jetbrains.php.framework.FrameworkRunConsoleAction" />
  <action id="openAssertEqualsDiff" />
  <action id="org.intellij.plugins.markdown.ui.actions.editorLayout.CyclicSplitLayoutChangeAction" />
  <action id="tasks.switch" />
  <action id="tasks.switch.toolbar" />
</keymap>